{"quark":{"Mode":{"name":"夸克播放模式","mode":"speed","config":{"normal":{"name":"普通模式"},"speed":{"name":"极速模式"}}},"NORMAL":{"name":"非会员","threadConfig":"60,70,80,90,100,110,120","thread":120,"chunksize":0},"EXP_SVIP":{"name":"88会员","threadConfig":"10,12,14,16,18,20","thread":16,"chunksize":0},"SUPER_VIP":{"name":"SVIP","threadConfig":"10,12,14,16,18,20","thread":16,"chunksize":0},"Speed":{"name":"极速模式","threadConfig":"10,12,14,16,18,20","thread":16,"chunksize":0}},"uc":{"NORMAL":{"name":"非会员","threadConfig":"60,70,80,90,100,110,120","thread":120,"chunksize":100},"VIP":{"name":"普通会员","threadConfig":"10,12,14,16,18,20","thread":16,"chunksize":100},"SUPER_VIP":{"name":"SVIP","threadConfig":"10,12,14,16,18,20","thread":16,"chunksize":100}},"multi":{"name":"多线程实现方式","config":{"gox":{"name":"Go多线程"},"java":{"name":"Java多线程"}},"mode":"gox"}}